Tenis,Precio
Nike Air Force 1 LE,$90
Nike Air Force 1 Premium,$97.97
Nike Air Force 1 LV8,$83.97
Nike Air Force 1 '07 LV8,$99.97
Nike Air Force 1 '07 LV8,$90.97
Nike Air Force 1 '07 LX,$120
Nike Air Force 1 '07 High,$103.97
Nike Air Force 1 '07 LV8,$80.97
Nike Air Force 1 '07,$95.97
Nike Air Force 1 '07,$86.97
Nike Air Force 1 Low Retro QS,$105.97
Nike Force 1 LE,$70
Nike Air Force 1 '07 Pro-Tech,$155
Nike Air Force 1 High,$130
Nike Air Force 1 '07,$115
Nike Air Force 1 â€™07,$69.97
Nike Air Force 1 '07 LX,$111.97
Nike Force 1 Low SE EasyOn,$67.97
Nike Air Force 1 '07,$130
Nike Air Force 1,$64.97
Nike Force 1,$37.97
Nike Air Force 1 '07,$74.97
Nike Air Force 1 '07,$82.97
Nike Force 1 Low EasyOn,$85
Nike Air Force 1 '07,$94.97
Nike Air Force 1 SE,$80.97
Nike Air Force 1 '07 EasyOn,$87.97
Nike Air Force 1 Mid LE,$68.97
Nike Air Force 1 LV8,$76.97
Nike Force 1 Mid LE,$38.97
Nike Force 1 Low LV8 EasyOn,$58.97
Nike Air Force 1 '07,$115
Nike Air Force 1,$64.97
Nike Air Force 1 '07 LX NBHD,$91.97
Nike Air Force 1 Wild,$145
Nike Air Force 1 High '07,$130
Nike Force 1 Low LV8 EasyOn,$53.97
Nike Force 1 Low LV8 EasyOn,$65
Nike Air Force 1 LE,$90
Nike Air Force 1 '07 LV8,$125
Nike Air Force 1,$79.97
Nike Air Force 1 '07 LV8,$99.97
Nike Air Force 1 '07,$115
Nike Air Force 1 '07,$72.97
Nike Air Force 1 LE,$90
Nike Air Force 1,$61.97
Nike Air Force 1 PLT.AF.ORM,$91.97
Nike Air Force 1 '07,$115
Nike Air Force 1 '07,$125
Nike Air Force 1 '07,$115
Nike Force 1 Low EasyOn,$80
Nike Air Force 1,$80.97
Nike Air Force 1 '07,$91.97
Nike Air Force 1 '07,$115
Nike Air Force 1 Wild,$87.97
Nike Air Force 1 LV8 3,$74.97
Nike Air Force 1 '07,$115
Nike Air Force 1 Mid '07,$125
Nike Air Force 1 '07 LV8,$89.97
Nike Air Force 1 '07 LV8,$99.97
Nike Air Force 1 '07,$115
Nike Air Force 1 '07,$115
Nike Air Force 1 '07,$115
Nike Air Force 1 '07 Next Nature,$87.97
Nike Force 1 Low EasyOn,$70
Nike Force 1 Low EasyOn,$37.97
Nike Air Force 1 '07 LV8,$125
Nike Air Force 1 '07,$69.97
Nike Air Force 1 '07 EasyOn,$115
Nike Air Force 1 Mid By You,$145
Nike Air Force 1 Mid By You,$145
Nike Air Force 1 '07,$115
Nike Air Force 1 '07 LV8,$125
Nike Air Force 1 '07 LV8 1,$125
Nike Air Force 1 '07 Next Nature,$80.97
Nike Air Force 1 '07 EasyOn,$115
Nike Air Force 1 '07,$115
Nike Air Force 1 Shadow,$135
Nike Air Force 1,$90.97
Nike Air Force 1 '07,$115
Nike Air Force 1,$90
Nike Air Force 1 Shadow,$89.97
Nike Air Force 1 Shadow,$135
Nike Air Force 1 '07 EasyOn,$115
Nike Air Force 1,$90
Nike Force 1 Low EasyOn,$52.97
Nike Air Force 1 High '07,$130
Nike Air Force 1 '07 LV8,$125
Nike Force 1 Crib,$45
Nike Air Force 1 '07,$115
Nike Air Force 1 '07 LV8,$125
Nike Air Force 1 '07,$115
Nike Air Force 1 Low Billie,$130
Nike Force 1 Low EasyOn,$70
Nike Air Force 1 '07 Next Nature SE,$120
Nike Air Force 1 '07,$135
Nike Air Force 1 LV8 5,$79.97
Nike Air Force 1 '07 N7,$135
Nike Digital Gift Card,N/A
Nike Gift Card,N/A
Nike Air Force 1 '07,$115
Nike Air Force 1 LE,$90
Nike Air Force 1 Shadow,$89.97
Nike Force 1 Low LV8 2 EasyOn,$57.97
Nike Force 1 Low EasyOn,$55
Nike Air Force 1 Low By You,$140
Nike Air Force 1 '07,$114.97
Nike Air Force 1 Low Unity,$130
Nike Air Force 1 Shadow,$84.97
Nike Air Force 1 Mid EasyOn,$100
Nike Air Force 1 Low EVO,$145
Nike Air Force 1 Low EVO,$145
Nike Air Force 1 '07 Next Nature,$89.97
Nike Force 1 Low EasyOn,$59.97
Nike Air Force 1 Shadow,$109.97
Nike Force 1 Mid EasyOn,$80
Nike Air Force 1,$90
Nike Air Force 1 Lover XX,$74.97
Nike Air Force 1 Mid By You,$140
Nike Force 1 Mid SE EasyOn,$90
Nike Force 1 Low EasyOn,$70
Nike Air Force 1 Mid By You,$145
Nike Air Force 1 '07 LV8,$125
Nike Air Force 1 Low By You,$135
Nike Air Force 1 Premium,$114.97
Nike Air Force 1 LV8,$105
Nike Air Force 1,$81.97
Nike Air Force 1 Low By You,$140
Nike Force 1 Low EasyOn,$46.97
Nike Air Force 1 Mid By You,$145
Nike Lunar Force 1,$185
Nike Air Force 1 '07 Low,$84.97
Nike Force 1 Low EasyOn,$55
Nike Force 1 Low EasyOn,$70
Nike Air Force 1 '07 LV8,$125
Nike Air Force 1 Wild,$145
Nike Air Force 1 '07 LV8,$125
Nike Air Force 1 Low By You,$135
Nike Air Force 1 Low By You,$135
Nike Air Force 1 Wild,$87.97
Nike Digital Gift Card,N/A
Nike Air Force 1 High By You,$150
Nike Air Force 1 High By You,$150
Nike Gift Card,N/A
Nike Air Force 1,$76.97
Nike Air Force 1 '07 High,$103.97
Nike Digital Gift Card,N/A
Nike Air Force 1,$90
Nike Air Force 1 Wild,$87.97
Nike Air Force 1 Shadow,$135
Nike Force 1 Low LV8 EasyOn,$80
Nike Air Force 1,$56.97
Nike Force 1 Low EasyOn,$38.97
Nike Air Force 1 Mid By You,$145
Nike Air Force 1 '07 LV8,$125
Nike Air Force 1,$90
Nike Force 1 Low EasyOn,$55
Nike Air Force 1 Mid LE,$83.97
Nike Air Force 1 '07 LV8,$114.97
Nike Air Force 1,$68.97
Nike Air Force 1 '07 Mid,$95.97
Nike Force 1 Low EasyOn,$70
Nike Air Force 1 LV8,$78.97
Nike Air Force 1 '07 Pro-Tech,$123.97
Nike Air Force 1 High By You,$150
Nike Digital Gift Card,N/A
Nike Air Force 1 Mid By You,$145
Nike Air Force 1,$81.97
Nike Air Force 1 Low By You,$140
Nike Air Force 1 Shadow,$135
Nike Force 1 Low EasyOn,$55
Nike Force 1 Low EasyOn,$70
Nike Air Force 1 High By You,$150
Nike Air Force 1 Low By You,$140
Nike Air Force 1 High By You,$150
Nike Air Force 1 Wild,$145
Nike Force 1 Low EasyOn,$55
Nike Force 1 Low EasyOn,$70
Nike Air Force 1 '07 Mid,$125
Nike Gift Card,N/A
Nike Force 1 Low EasyOn,$55
Nike Air Force 1,$69.97
Nike Air Force 1 PLT.AF.ORM,$91.97
Nike Force 1 Low EasyOn,$70
Nike Air Force 1 High By You,$150
Nike Air Force 1 '07,$115
Nike Air Force 1 Mid By You,$145
Nike Force 1 Crib,$45
Nike Air Force 1 LV8,$68.97
Nike Air Force 1 Wild,$95.97
Nike Air Force 1 LV8,$105
Nike Air Force 1 Wild,$87.97
Nike Air Force 1 '07 Next Nature,$115
Nike Air Force 1 LV8,$69.97
Nike Force 1 Low EasyOn,$55
Nike Air Force 1,$90
Nike Air Force 1,$90
Nike Gift Card,N/A
Nike Air Force 1 LV8,$100
Nike Air Force 1,$70.97
Nike Air Force 1 Wild,$87.97
Nike Air Force 1 '07 LX NBHD,$130
Nike Air Force 1 Low By You,$135
Nike Force 1 Low EasyOn,$70
Nike Air Force 1,$69.97
Nike Air Force 1 Shadow,$91.97
Nike Air Force 1 Shadow,$99.97
Nike Air Force 1 High By You,$150
Nike Air Force 1 Shadow,$76.97
Nike Air Force 1 Low By You,$135
Nike Air Force 1 Low By You,$140
Nike Air Force 1 Mid EasyOn,$100
Nike Force 1 Low EasyOn,$41.97
Nike Air Force 1,$74.97
Nike Air Force 1 Mid,$101.97
Nike Force 1 Low EasyOn,$70
Nike Digital Gift Card,N/A
Nike Air Force 1 '07 LX,$135
Nike Air Force 1,$90
Nike Air Force 1 High By You,$150
Nike Digital Gift Card,N/A
Nike Air Force 1 Shadow,$99.97
Nike Force 1 Low LV8 EasyOn,$47.97
Nike Air Force 1 Shadow,$99.97
Nike AF1 Shadow,$104.97
Nike Air Force 1,$74.97
Nike Digital Gift Card,N/A
Nike Air Force 1 Low By You,$135
Nike Digital Gift Card,N/A
Nike Air Force 1 Low By You,$135
Nike Air Force 1 Mid By You,$140
Nike Gift Card,N/A
Nike J Force 1 Low LX SP,$175
Nike Force 1 LV8 3 EasyOn,$85
Nike J Force 1 Low LX SP,$170
Nike Force 1 LE,$55
Nike Air Force 1 '07,$115
Nike Air Force 1 '07,$115
Nike Air Force 1 '07 Premium,$112.97
Nike Air Force 1 Mid By You,$145
Nike Air Force 1 '07 LV8,$125
Nike Air Force 1 '07,$91.97
Nike Air Force 1 '07 Next Nature,$115
Nike Air Force 1 Low By You,$140
Nike Force 1 Mid EasyOn,$47.97
Nike Air Force 1 High By You,$150
Nike Air Force 1 x Space Jam: A New Legacy,$90
Nike Force 1 Low EasyOn,$55
Nike Force 1 Low EasyOn,$70
Nike Gift Card,N/A
Nike Air Force 1 Mid '07 LV8,$107.97
Nike Air Force 1 SP,$140
Nike Air Force 1 Mid '07,$125
Nike Air Force 1 High By You,$150
Nike Air Force 1 LV8 2,$95
Nike Air Force 1 LV8,$105
Nike Air Force 1 LV8,$79.97
Nike Force 1 Low LV8 EasyOn,$59.97
Nike Air Force 1 '07 Next Nature,$115
Nike Air Force 1 Mid By You,$140
Nike Gift Card,N/A
Nike Air Force 1 Wild,$109.97
Nike Gift Card,N/A
Nike Air Force 1 Mid By You,$145
Nike Air Force 1 LV8 5,$100
Nike Air Force 1 Low EVO,$145
Nike J Force 1 Low LX SP,$170
Nike Force 1 Low EasyOn,$55
Nike Air Force 1 Low By You,$135
Nike Air Force 1 '07 LX,$87.97
Nike Air Force 1 Low By You,$140
Nike Gift Card,N/A
Nike Air Force 1 Low By You,$140
Nike Air Force 1 '07 Next Nature,$97.97
Nike Air Force 1 Wild,$87.97
Nike Air Force 1 '07 LV8,$125
Nike Force 1 Low EasyOn,$48.97
Nike Air Force 1 High By You,$150
Nike Air Force 1 LV8,$100
Nike Digital Gift Card,N/A
Nike Air Force 1 Low Retro Premium,$150
Nike Air Force 1 High By You,$150
Nike Air Force 1 '07 LV8,$99.97
Nike Air Force 1 '07 LX,$97.97
Nike Air Force 1 Shadow,$99.97
Nike Air Force 1,$90
Nike Air Force 1 Low By You,$140
Nike Air Force 1 '07,$93.97
Nike Air Force 1 PLT.AF.ORM,$120
Nike Air Force 1 PLT.AF.ORM,$84.97
Nike Air Force 1 '07 Premium,$135
Nike Air Force 1 Shadow,$104.97
Nike Air Force 1 Low Retro,$93.97
Nike Air Force 1 '07 Premium,$119.97
Nike Force 1,$36.97
Nike Air Force 1 '07,$115
Nike Air Force 1 '07 LV8,$125
Nike Air Force 1 LX United,$89.97
Nike Icon Air Force 1,$25
Nike Icon Air Force 1,$25
Nike Icon Air Force 1,$25
Nike Icon Air Force 1,$25
Nike Icon Air Force 1,$25
